Columns,type,n,mean,std,min,25%,50%,75%,max,value 1,value 2,value 3,value 4,value 5,freq 1,freq 2,freq 3,freq 4,freq 5,freq others,freq NA
UserInfo_1,Categorical,29688,3.2211331177580167,1.8271674285265136,1.0,1.0,3.0,5.0,7.0,1.0,3.0,5.0,4.0,6.0,9899.0,5935.0,5823.0,4818.0,2423.0,790.0,2.0
UserInfo_2,Categorical,29397,,,,,,,,深圳,广州,上海,北京,重庆,739.0,686.0,611.0,573.0,542.0,26246.0,293.0
UserInfo_3,Categorical,29688,4.6944893559687415,1.3222487082491878,0.0,4.0,5.0,5.0,7.0,5.0,6.0,4.0,3.0,1.0,13714.0,5941.0,4124.0,2973.0,1691.0,1245.0,2.0
UserInfo_4,Categorical,29428,,,,,,,,深圳,广州,北京,上海,重庆,835.0,798.0,678.0,659.0,545.0,25913.0,262.0
WeblogInfo_2,Categorical,28047,0.13070916675580277,0.3574185115431018,0.0,0.0,0.0,0.0,4.0,0.0,1.0,2.0,3.0,4.0,24567.0,3304.0,168.0,6.0,2.0,0.0,1643.0
WeblogInfo_3,Numerical,957,1.316614420062696,7.919116867228368,0.0,0.0,0.0,1.0,133.0,0.0,1.0,2.0,3.0,29.0,543.0,350.0,18.0,13.0,4.0,29.0,28733.0
WeblogInfo_4,Numerical,28054,3.0156840379268552,3.7256515901602687,1.0,1.0,2.0,3.0,165.0,1.0,2.0,3.0,4.0,5.0,9936.0,7285.0,4065.0,2239.0,1337.0,3192.0,1636.0
WeblogInfo_5,Numerical,28054,1.8145006059741926,1.695543456598559,1.0,1.0,1.0,2.0,73.0,1.0,2.0,3.0,4.0,5.0,15959.0,7341.0,2589.0,1016.0,458.0,691.0,1636.0
WeblogInfo_7,Numerical,29690,10.62515998652745,15.784613080071752,0.0,2.0,6.0,13.0,722.0,2,0,3,4,1,3114.0,2990.0,2348.0,2118.0,1922.0,17198.0,0.0
WeblogInfo_8,Numerical,29690,0.654024924216908,2.6115075803353984,0.0,0.0,0.0,0.0,81.0,0,1,2,3,4,25909.0,695.0,691.0,520.0,409.0,1466.0,0.0
WeblogInfo_9,Numerical,29690,0.11997305490063995,1.3251004762414342,0.0,0.0,0.0,0.0,46.0,0,1,2,3,4,29123.0,165.0,74.0,48.0,33.0,247.0,0.0
WeblogInfo_11,Numerical,29690,0.0034691815426069385,0.1857754982879514,0.0,0.0,0.0,0.0,18.0,0,1,2,14,13,29664.0,14.0,5.0,1.0,1.0,5.0,0.0
WeblogInfo_12,Numerical,29690,0.01226002020882452,0.4163107090972901,0.0,0.0,0.0,0.0,27.0,0,1,5,4,2,29643.0,10.0,6.0,5.0,4.0,22.0,0.0
WeblogInfo_13,Numerical,29690,0.0017851128326035702,0.18139631815065127,0.0,0.0,0.0,0.0,29.0,0,1,2,29,10,29681.0,3.0,2.0,1.0,1.0,2.0,0.0
WeblogInfo_14,Numerical,29690,0.7632199393735264,4.270318938860501,0.0,0.0,0.0,0.0,335.0,0,1,2,3,4,26741.0,555.0,364.0,281.0,249.0,1500.0,0.0
WeblogInfo_15,Numerical,29690,1.0187942068036375,2.823215379385865,0.0,0.0,0.0,1.0,134.0,0,1,2,3,4,20920.0,2731.0,2451.0,1069.0,760.0,1759.0,0.0
WeblogInfo_16,Numerical,29690,2.6198720107780398,4.634616317776221,0.0,0.0,1.0,3.0,182.0,0,2,1,3,4,12421.0,4070.0,3807.0,2104.0,1833.0,5455.0,0.0
WeblogInfo_17,Numerical,29690,5.344392051195689,8.122855852668463,0.0,1.0,3.0,7.0,356.0,0,2,1,3,4,6953.0,3891.0,2971.0,2574.0,2340.0,10961.0,0.0
WeblogInfo_18,Numerical,29690,1.6421017177500843,3.5012639381756543,0.0,0.0,0.0,2.0,136.0,0,1,2,3,4,16564.0,3566.0,3537.0,1603.0,1325.0,3095.0,0.0
UserInfo_5,Numerical,29690,1.6531828898619063,0.5844097168348934,1.0,1.0,2.0,2.0,3.0,2.0,1.0,3.0,,,15979.0,12004.0,1707.0,,,0.0,0.0
UserInfo_6,Numerical,29690,1.6534186594813067,0.5832516541220572,1.0,1.0,2.0,2.0,3.0,2.0,1.0,3.0,,,16024.0,11978.0,1688.0,,,0.0,0.0
UserInfo_7,Categorical,29690,,,,,,,,不详,广东,浙江,山东,福建,4169.0,3847.0,2174.0,2047.0,1873.0,15580.0,0.0
UserInfo_8,Categorical,29690,,,,,,,,不详,深圳,广州,北京,东莞,4169.0,805.0,790.0,636.0,478.0,22812.0,0.0
UserInfo_9,Categorical,29690,,,,,,,,中国移动,中国联通,不详,中国电信,,17071.0,5280.0,4169.0,3170.0,,0.0,0.0
UserInfo_10,Numerical,29690,0.3111822162344224,0.6034132065743422,0.0,0.0,0.0,0.0,2.0,0.0,1.0,2.0,,,22674.0,4793.0,2223.0,,,0.0,0.0
UserInfo_11,Categorical,11002,0.08934739138338484,0.2852574821645168,0.0,0.0,0.0,0.0,1.0,0.0,1.0,,,,10019.0,983.0,,,,0.0,18688.0
UserInfo_12,Categorical,11002,0.3519360116342483,0.47759584142054784,0.0,0.0,0.0,1.0,1.0,0.0,1.0,,,,7130.0,3872.0,,,,0.0,18688.0
UserInfo_13,Categorical,11002,0.6433375749863661,0.47903569510663774,0.0,0.0,1.0,1.0,1.0,1.0,0.0,,,,7078.0,3924.0,,,,0.0,18688.0
UserInfo_14,Numerical,29690,3.4176827214550354,1.1705187175842127,0.0,3.0,3.0,4.0,6.0,3,4,2,5,6,11328.0,6556.0,5676.0,4038.0,1575.0,517.0,0.0
UserInfo_15,Numerical,29690,3.4212529471202426,1.1682875211614048,0.0,3.0,3.0,4.0,6.0,3,4,2,5,6,11375.0,6543.0,5620.0,4086.0,1558.0,508.0,0.0
UserInfo_16,Numerical,29690,1.6121926574604244,1.0608611892855258,0.0,1.0,1.0,2.0,6.0,1,2,6,3,4,17831.0,9329.0,1022.0,779.0,727.0,2.0,0.0
UserInfo_17,Numerical,29690,1.128999663186258,0.3352052126811852,1.0,1.0,1.0,1.0,2.0,1.0,2.0,,,,25860.0,3830.0,,,,0.0,0.0
UserInfo_18,Numerical,29690,29.78467497473897,6.423919844801578,0.0,25.0,28.0,33.0,55.0,27,25,26,24,28,2345.0,2238.0,2204.0,2107.0,2042.0,18754.0,0.0
UserInfo_19,Categorical,29690,,,,,,,,广东,山东,福建,四川,江苏,2381.0,2349.0,2004.0,1830.0,1813.0,19313.0,0.0
UserInfo_20,Categorical,29690,,,,,,,,不详,泉州,温州,盐城,漳州,7106.0,458.0,415.0,288.0,233.0,21190.0,0.0
UserInfo_21,Numerical,29690,0.07093297406534187,0.2567171731360637,0.0,0.0,0.0,0.0,1.0,0.0,1.0,,,,27584.0,2106.0,,,,0.0,0.0
UserInfo_22,Categorical,29690,,,,,,,,D,未婚,已婚,不详,离婚,27584.0,1311.0,464.0,293.0,33.0,5.0,0.0
UserInfo_23,Categorical,29690,,,,,,,,D,G,AB,O,大学本科（简称“大学,27584.0,608.0,334.0,296.0,165.0,703.0,0.0
UserInfo_24,Categorical,29690,,,,,,,,D,浙江省温州市苍南县,山东省菏泽市牡丹区,湖南省衡阳市耒阳市,江苏省连云港市东海县,27584.0,5.0,4.0,4.0,4.0,2089.0,0.0
Education_Info1,Numerical,29690,0.06321993937352643,0.24336222678217917,0.0,0.0,0.0,0.0,1.0,0.0,1.0,,,,27813.0,1877.0,,,,0.0,0.0
Education_Info2,Categorical,29690,,,,,,,,E,A,AM,AQ,AN,27813.0,947.0,704.0,102.0,75.0,49.0,0.0
Education_Info3,Categorical,29690,,,,,,,,E,毕业,结业,,,27813.0,1824.0,53.0,,,0.0,0.0
Education_Info4,Categorical,29690,,,,,,,,E,T,F,AR,V,27813.0,1392.0,299.0,72.0,65.0,49.0,0.0
Education_Info5,Numerical,29690,0.03233411923206467,0.17688888558901922,0.0,0.0,0.0,0.0,1.0,0.0,1.0,,,,28730.0,960.0,,,,0.0,0.0
Education_Info6,Categorical,29690,,,,,,,,E,A,AM,AQ,U,28730.0,567.0,313.0,53.0,23.0,4.0,0.0
Education_Info7,Categorical,29690,,,,,,,,E,不详,,,,28730.0,960.0,,,,0.0,0.0
Education_Info8,Categorical,29690,,,,,,,,E,T,不详,F,AE,28730.0,733.0,117.0,61.0,21.0,28.0,0.0
WeblogInfo_19,Categorical,26776,,,,,,,,I,D,F,E,J,21756.0,3509.0,1153.0,178.0,96.0,84.0,2914.0
WeblogInfo_20,Categorical,21729,,,,,,,,I5,C21,I4,U,I3,11029.0,2485.0,2434.0,1742.0,1671.0,2368.0,7961.0
WeblogInfo_21,Categorical,26665,,,,,,,,D,A,C,B,,21458.0,3654.0,1506.0,47.0,,0.0,3025.0
WeblogInfo_24,Numerical,29439,0.35306905805224365,1.306386038001155,0.0,0.0,0.0,0.0,21.0,0.0,1.0,3.0,2.0,4.0,26195.0,1057.0,651.0,489.0,316.0,731.0,251.0
WeblogInfo_25,Categorical,29439,0.025951968477190123,0.1731101989400583,0.0,0.0,0.0,0.0,3.0,0.0,1.0,2.0,3.0,,28737.0,647.0,48.0,7.0,,0.0,251.0
WeblogInfo_26,Categorical,29439,0.01358741805088488,0.11895624737398579,0.0,0.0,0.0,0.0,3.0,0.0,1.0,2.0,3.0,,29049.0,381.0,8.0,1.0,,0.0,251.0
WeblogInfo_27,Numerical,29439,0.2368966337171779,0.8793646854588907,0.0,0.0,0.0,0.0,23.0,0.0,1.0,2.0,3.0,4.0,25930.0,2094.0,604.0,305.0,194.0,312.0,251.0
WeblogInfo_28,Categorical,29439,0.01311185841910391,0.1262129576081026,0.0,0.0,0.0,0.0,4.0,0.0,1.0,2.0,3.0,4.0,29090.0,318.0,26.0,4.0,1.0,0.0,251.0
WeblogInfo_29,Categorical,29439,0.02486497503311933,0.1769554438299072,0.0,0.0,0.0,0.0,5.0,0.0,1.0,2.0,3.0,5.0,28787.0,589.0,51.0,9.0,2.0,1.0,251.0
WeblogInfo_30,Numerical,29439,0.1364516457760114,0.4535969333721018,0.0,0.0,0.0,0.0,12.0,0.0,1.0,2.0,3.0,4.0,26210.0,2734.0,323.0,98.0,45.0,29.0,251.0
WeblogInfo_33,Numerical,29439,0.3002140018343014,1.1633180745541232,0.0,0.0,0.0,0.0,21.0,0.0,1.0,3.0,2.0,4.0,26539.0,961.0,618.0,451.0,283.0,587.0,251.0
WeblogInfo_34,Categorical,29439,0.019973504534800776,0.15021505286740486,0.0,0.0,0.0,0.0,3.0,0.0,1.0,2.0,3.0,,28891.0,512.0,32.0,4.0,,0.0,251.0
WeblogInfo_35,Categorical,29439,0.01063215462481742,0.1048572602651733,0.0,0.0,0.0,0.0,2.0,0.0,1.0,2.0,,,29133.0,299.0,7.0,,,0.0,251.0
WeblogInfo_36,Numerical,29439,0.19168450015285846,0.7641885334141117,0.0,0.0,0.0,0.0,23.0,0.0,1.0,2.0,3.0,4.0,26445.0,1856.0,513.0,241.0,156.0,228.0,251.0
WeblogInfo_37,Categorical,29439,0.010734060260199055,0.11310730156432097,0.0,0.0,0.0,0.0,4.0,0.0,1.0,2.0,3.0,4.0,29150.0,266.0,20.0,2.0,1.0,0.0,251.0
WeblogInfo_38,Categorical,29439,0.01943000781276538,0.15096289845318764,0.0,0.0,0.0,0.0,3.0,0.0,1.0,2.0,3.0,,28914.0,486.0,31.0,8.0,,0.0,251.0
WeblogInfo_39,Numerical,29439,0.10210944665239988,0.3961162002987069,0.0,0.0,0.0,0.0,12.0,0.0,1.0,2.0,3.0,4.0,26998.0,2092.0,227.0,68.0,32.0,22.0,251.0
WeblogInfo_42,Numerical,29439,0.05081694351030945,0.44287728531379966,0.0,0.0,0.0,0.0,12.0,0.0,1.0,3.0,2.0,4.0,28885.0,184.0,155.0,90.0,52.0,73.0,251.0
WeblogInfo_45,Categorical,29439,0.012534393151941303,0.16976170629030782,0.0,0.0,0.0,0.0,7.0,0.0,1.0,2.0,3.0,4.0,29202.0,166.0,39.0,16.0,8.0,8.0,251.0
WeblogInfo_48,Numerical,29439,0.020109378715309625,0.21746047131996102,0.0,0.0,0.0,0.0,12.0,0.0,1.0,2.0,3.0,4.0,29064.0,253.0,68.0,31.0,16.0,7.0,251.0
WeblogInfo_50,Numerical,29690,0.012024250589424048,0.13815978061750808,0.0,0.0,0.0,0.0,5.0,0,1,2,3,5,29414.0,213.0,51.0,8.0,2.0,2.0,0.0
WeblogInfo_51,Numerical,29690,0.00983496126641967,0.12381380880671079,0.0,0.0,0.0,0.0,5.0,0,1,2,3,5,29459.0,185.0,36.0,7.0,2.0,1.0,0.0
WeblogInfo_53,Numerical,29690,0.006871000336813742,0.12098909680516527,0.0,0.0,0.0,0.0,11.0,0,1,2,3,4,29537.0,123.0,22.0,4.0,2.0,2.0,0.0
WeblogInfo_54,Numerical,29690,0.006197372852812395,0.11619793355611392,0.0,0.0,0.0,0.0,11.0,0,1,2,3,4,29551.0,114.0,18.0,3.0,2.0,2.0,0.0
WeblogInfo_56,Numerical,29690,0.01889525092623779,0.18319728082234185,0.0,0.0,0.0,0.0,11.0,0,1,2,3,4,29261.0,336.0,73.0,12.0,4.0,4.0,0.0
WeblogInfo_57,Numerical,29690,0.016032334119232064,0.1694399984184919,0.0,0.0,0.0,0.0,11.0,0,1,2,3,4,29320.0,299.0,54.0,10.0,3.0,4.0,0.0
ThirdParty_Info_Period1_1,Numerical,29690,19.220848770629843,32.04821013828634,0.0,1.0,7.0,24.0,472.0,0.0,1.0,2.0,3.0,4.0,6843.0,2042.0,1546.0,1268.0,1063.0,16928.0,0.0
ThirdParty_Info_Period1_2,Numerical,29690,14.236342202761874,26.646283153564266,0.0,0.0,5.0,16.0,999.0,0.0,1.0,2.0,3.0,4.0,7530.0,2426.0,1909.0,1485.0,1238.0,15102.0,0.0
ThirdParty_Info_Period1_3,Numerical,29690,147.2503536544291,161.1589413887659,0.0,44.0,99.0,193.0,3173.0,24.0,30.0,32.0,19.0,26.0,198.0,193.0,185.0,183.0,183.0,28748.0,0.0
ThirdParty_Info_Period1_4,Numerical,29690,140.87345907713035,149.93687822584627,0.0,43.0,97.0,187.0,3653.0,0.0,30.0,21.0,43.0,33.0,903.0,197.0,184.0,184.0,183.0,28039.0,0.0
ThirdParty_Info_Period1_5,Numerical,29690,65.44381946783429,52.25804812290832,1.0,31.0,53.0,86.0,1516.0,26.0,38.0,34.0,30.0,32.0,393.0,376.0,368.0,367.0,365.0,27821.0,0.0
ThirdParty_Info_Period1_6,Numerical,29690,11.40973391714382,34.21813185885457,0.0,0.0,3.0,9.0,1311.0,0.0,1.0,2.0,3.0,4.0,7856.0,3685.0,2717.0,1995.0,1629.0,11808.0,0.0
ThirdParty_Info_Period1_7,Numerical,29690,204.08198046480297,217.6389089375745,0.0,63.0,140.0,269.0,6743.0,0.0,35.0,58.0,50.0,43.0,511.0,147.0,145.0,142.0,137.0,28608.0,0.0
ThirdParty_Info_Period1_8,Numerical,29690,72.63209834961266,80.85109235319912,0.0,20.0,48.0,96.0,1288.0,0.0,16.0,13.0,10.0,12.0,968.0,391.0,360.0,349.0,346.0,27276.0,0.0
ThirdParty_Info_Period1_9,Numerical,29690,2.876860895924554,7.782117068558027,0.0,0.0,0.0,3.0,398.0,0.0,1.0,2.0,3.0,4.0,16690.0,3245.0,2061.0,1431.0,1038.0,5225.0,0.0
ThirdParty_Info_Period1_10,Numerical,29690,0.9789491411249579,1.641214470332011,0.0,0.0,0.0,1.0,28.0,0.0,1.0,2.0,3.0,4.0,16690.0,6200.0,2951.0,1646.0,939.0,1264.0,0.0
ThirdParty_Info_Period1_11,Numerical,29690,13.276557763556752,12.648924486027605,0.0,5.0,10.0,18.0,184.0,3.0,4.0,2.0,5.0,6.0,1588.0,1563.0,1532.0,1525.0,1497.0,21985.0,0.0
ThirdParty_Info_Period1_12,Numerical,29690,1.2656449983159312,15.461688897645839,0.0,0.0,0.0,0.0,1038.0,0.0,1.0,2.0,3.0,4.0,22276.0,3857.0,1479.0,653.0,388.0,1037.0,0.0
ThirdParty_Info_Period1_13,Numerical,29690,15167.82357696194,24131.769230377988,0.0,3894.0,9338.5,19022.75,1120334.0,0.0,4212.0,1916.0,1039.0,1468.0,426.0,8.0,7.0,7.0,7.0,29235.0,0.0
ThirdParty_Info_Period1_14,Numerical,29690,13320.422903334456,21436.88252327641,0.0,3700.0,8870.5,17427.75,1271271.0,0.0,6274.0,905.0,1731.0,7682.0,1143.0,9.0,9.0,8.0,8.0,28513.0,0.0
ThirdParty_Info_Period1_15,Numerical,29690,1355.8358033007746,5024.093611603887,0.0,0.0,139.0,803.75,334418.0,0.0,21.0,11.0,16.0,12.0,8308.0,98.0,87.0,86.0,85.0,21026.0,0.0
ThirdParty_Info_Period1_16,Numerical,29690,18622.925463118896,29835.596681278246,0.0,5329.0,12240.0,23962.75,1807432.0,0.0,7704.0,5111.0,3778.0,8229.0,754.0,7.0,7.0,7.0,7.0,28908.0,0.0
ThirdParty_Info_Period1_17,Numerical,29690,8513.607814078814,13745.33874953222,0.0,1915.0,5095.5,10950.75,709440.0,0.0,628.0,2762.0,49.0,875.0,1213.0,11.0,10.0,10.0,9.0,28437.0,0.0
ThirdParty_Info_Period2_1,Numerical,29690,31.03384978107107,45.415899121972615,0.0,2.0,13.0,41.0,568.0,0.0,1.0,2.0,3.0,4.0,5356.0,1420.0,1125.0,1036.0,881.0,19872.0,0.0
ThirdParty_Info_Period2_2,Numerical,29690,22.118390030313236,36.09597428144068,0.0,1.0,9.0,27.0,808.0,0.0,1.0,2.0,3.0,4.0,5937.0,1722.0,1404.0,1259.0,1042.0,18326.0,0.0
ThirdParty_Info_Period2_3,Numerical,29690,239.16224317952174,210.28086828684468,0.0,98.0,181.0,314.0,3852.0,84.0,116.0,108.0,77.0,99.0,119.0,118.0,114.0,110.0,109.0,29120.0,0.0
ThirdParty_Info_Period2_4,Numerical,29690,231.07992590097675,202.65949639446768,0.0,95.0,178.0,304.0,2952.0,0.0,66.0,96.0,108.0,98.0,852.0,120.0,119.0,112.0,111.0,28376.0,0.0
ThirdParty_Info_Period2_5,Numerical,29690,90.73384978107107,63.34497908109401,1.0,48.0,76.0,116.0,1187.0,50.0,61.0,52.0,60.0,38.0,304.0,299.0,296.0,296.0,292.0,28203.0,0.0
ThirdParty_Info_Period2_6,Numerical,29690,18.798147524418997,49.39372308327001,0.0,2.0,6.0,16.0,1768.0,0.0,1.0,2.0,3.0,4.0,4129.0,2879.0,2308.0,1901.0,1741.0,16732.0,0.0
ThirdParty_Info_Period2_7,Numerical,29690,327.3440889188279,285.0838898245844,0.0,134.0,249.0,431.0,3368.0,0.0,123.0,207.0,159.0,139.0,519.0,87.0,86.0,83.0,83.0,28832.0,0.0
ThirdParty_Info_Period2_8,Numerical,29690,124.0999326372516,110.53938235166453,0.0,50.0,95.0,164.0,1816.0,0.0,59.0,50.0,38.0,58.0,550.0,227.0,219.0,206.0,199.0,28289.0,0.0
ThirdParty_Info_Period2_9,Numerical,29690,3.293364769282587,7.994357859281455,0.0,0.0,0.0,3.0,232.0,0.0,1.0,2.0,3.0,4.0,16448.0,2866.0,1891.0,1382.0,1141.0,5962.0,0.0
ThirdParty_Info_Period2_10,Numerical,29690,1.0316941731222633,1.6813321582115353,0.0,0.0,0.0,1.0,26.0,0.0,1.0,2.0,3.0,4.0,16448.0,5979.0,3077.0,1726.0,1071.0,1389.0,0.0
ThirdParty_Info_Period2_11,Numerical,29690,20.37591781744695,15.724356699777573,0.0,9.0,16.0,27.0,184.0,10.0,8.0,7.0,11.0,12.0,1141.0,1127.0,1105.0,1102.0,1089.0,24126.0,0.0
ThirdParty_Info_Period2_12,Numerical,29690,2.0726844055237454,24.65660358215275,0.0,0.0,0.0,1.0,1671.0,0.0,1.0,2.0,3.0,4.0,19420.0,4833.0,2034.0,1012.0,635.0,1756.0,0.0
ThirdParty_Info_Period2_13,Numerical,29690,24377.64314584035,35860.10872670756,0.0,8567.75,17089.0,30847.5,2133619.0,0.0,6177.0,5511.0,24594.0,3783.0,322.0,6.0,5.0,5.0,5.0,29347.0,0.0
ThirdParty_Info_Period2_14,Numerical,29690,21367.734523408555,34139.23675426103,0.0,8052.0,15719.5,27688.25,2503952.0,0.0,10478.0,6334.0,7504.0,13908.0,1087.0,6.0,6.0,6.0,6.0,28579.0,0.0
ThirdParty_Info_Period2_15,Numerical,29690,2224.4288312563153,6802.65814477125,0.0,59.0,373.0,1579.75,240398.0,0.0,32.0,22.0,20.0,26.0,4515.0,73.0,72.0,69.0,66.0,24895.0,0.0
ThirdParty_Info_Period2_16,Numerical,29690,29272.039272482318,47435.35665250974,0.0,10943.0,21258.5,37345.5,3269497.0,0.0,13485.0,14264.0,17559.0,17306.0,763.0,6.0,6.0,6.0,5.0,28904.0,0.0
ThirdParty_Info_Period2_17,Numerical,29690,14260.549848433817,20181.008684557502,0.0,4888.25,9979.0,18386.25,1270075.0,0.0,6106.0,3570.0,3872.0,4590.0,794.0,10.0,7.0,7.0,7.0,28865.0,0.0
ThirdParty_Info_Period3_1,Numerical,29435,29.777849498895872,45.44550237527177,0.0,1.0,12.0,40.0,788.0,0.0,1.0,2.0,3.0,4.0,6304.0,1380.0,1136.0,955.0,835.0,18825.0,255.0
ThirdParty_Info_Period3_2,Numerical,29435,20.44681501613725,34.685566446319704,0.0,1.0,7.0,25.0,595.0,0.0,1.0,2.0,3.0,4.0,7151.0,1737.0,1396.0,1175.0,1077.0,16899.0,255.0
ThirdParty_Info_Period3_3,Numerical,29435,235.00944453881434,207.87452827891832,0.0,94.0,177.0,312.0,2681.0,93.0,133.0,51.0,99.0,61.0,111.0,111.0,110.0,109.0,109.0,28885.0,255.0
ThirdParty_Info_Period3_4,Numerical,29435,227.902598946832,203.78876339316557,0.0,90.0,174.0,305.0,2626.0,0.0,49.0,110.0,143.0,92.0,866.0,115.0,114.0,111.0,110.0,28119.0,255.0
ThirdParty_Info_Period3_5,Numerical,29435,87.76680822150502,63.383133402396474,1.0,45.0,73.0,113.0,1309.0,44.0,48.0,50.0,62.0,55.0,304.0,303.0,299.0,292.0,292.0,27945.0,255.0
ThirdParty_Info_Period3_6,Numerical,29435,19.023611347035843,50.14634917792139,0.0,2.0,6.0,16.0,1508.0,0.0,1.0,2.0,3.0,4.0,4139.0,2826.0,2379.0,1932.0,1637.0,16522.0,255.0
ThirdParty_Info_Period3_7,Numerical,29435,320.9103448275862,284.4212896642401,0.0,127.0,243.0,427.0,3301.0,0.0,149.0,152.0,87.0,155.0,529.0,95.0,90.0,84.0,83.0,28554.0,255.0
ThirdParty_Info_Period3_8,Numerical,29435,122.9780873110243,110.99648327611172,0.0,48.0,93.0,163.0,1888.0,0.0,38.0,36.0,35.0,37.0,571.0,206.0,199.0,197.0,194.0,28068.0,255.0
ThirdParty_Info_Period3_9,Numerical,29435,2.7148632580261594,7.086171685344149,0.0,0.0,0.0,2.0,225.0,0.0,1.0,2.0,3.0,4.0,17768.0,2754.0,1728.0,1224.0,1009.0,4952.0,255.0
ThirdParty_Info_Period3_10,Numerical,29435,0.8582979446237472,1.483665228500461,0.0,0.0,0.0,1.0,18.0,0.0,1.0,2.0,3.0,4.0,17768.0,5616.0,2730.0,1463.0,813.0,1045.0,255.0
ThirdParty_Info_Period3_11,Numerical,29435,20.018957023951078,15.687366817864357,0.0,9.0,16.0,27.0,161.0,9.0,7.0,10.0,8.0,11.0,1138.0,1112.0,1110.0,1090.0,1078.0,23907.0,255.0
ThirdParty_Info_Period3_12,Numerical,29435,2.072362833361644,25.21421970408428,0.0,0.0,0.0,1.0,1458.0,0.0,1.0,2.0,3.0,4.0,19489.0,4625.0,1985.0,1018.0,614.0,1704.0,255.0
ThirdParty_Info_Period3_13,Numerical,29435,23752.28500084933,36457.91269183063,0.0,8110.0,16403.0,30179.5,2072200.0,0.0,7451.0,3675.0,16475.0,11555.0,334.0,8.0,6.0,6.0,6.0,29075.0,255.0
ThirdParty_Info_Period3_14,Numerical,29435,20844.152913198574,33643.92672708692,0.0,7532.5,15091.0,27086.5,1874555.0,0.0,8668.0,5698.0,10257.0,5710.0,1103.0,6.0,6.0,6.0,6.0,28308.0,255.0
ThirdParty_Info_Period3_15,Numerical,29435,2192.6852046882964,6593.885407227141,0.0,56.0,369.0,1606.5,262558.0,0.0,10.0,12.0,17.0,27.0,4545.0,82.0,74.0,72.0,69.0,24593.0,255.0
ThirdParty_Info_Period3_16,Numerical,29435,28356.690878206216,48188.12805093674,0.0,10221.0,20207.0,36654.5,3093564.0,0.0,19126.0,11415.0,12102.0,10492.0,773.0,6.0,6.0,6.0,5.0,28639.0,255.0
ThirdParty_Info_Period3_17,Numerical,29435,14057.824528622388,20087.28891600845,0.0,4619.5,9808.0,18109.0,1293341.0,0.0,2010.0,6495.0,8871.0,4034.0,817.0,8.0,8.0,7.0,7.0,28588.0,255.0
ThirdParty_Info_Period4_1,Numerical,28624,28.765930687534937,45.83902197889488,0.0,1.0,10.0,38.0,1506.0,0.0,1.0,2.0,3.0,4.0,6847.0,1369.0,1090.0,888.0,798.0,17632.0,1066.0
ThirdParty_Info_Period4_2,Numerical,28624,19.327347680268307,34.7788551379683,0.0,0.0,6.0,23.0,852.0,0.0,1.0,2.0,3.0,4.0,7960.0,1711.0,1269.0,1113.0,925.0,15646.0,1066.0
ThirdParty_Info_Period4_3,Numerical,28624,232.44389323644495,210.38261003546904,0.0,91.0,175.0,308.0,3611.0,76.0,59.0,103.0,58.0,64.0,120.0,118.0,112.0,111.0,110.0,28053.0,1066.0
ThirdParty_Info_Period4_4,Numerical,28624,225.83912101732813,205.35386100454778,0.0,88.0,171.0,303.0,2895.0,0.0,104.0,70.0,78.0,123.0,864.0,110.0,108.0,107.0,105.0,27330.0,1066.0
ThirdParty_Info_Period4_5,Numerical,28624,86.00999161542761,63.24193794771496,1.0,44.0,72.0,111.0,1183.0,42.0,58.0,43.0,52.0,35.0,301.0,297.0,293.0,286.0,285.0,27162.0,1066.0
ThirdParty_Info_Period4_6,Numerical,28624,18.645891559530465,49.409094958318185,0.0,1.0,5.0,16.0,1605.0,0.0,1.0,2.0,3.0,4.0,4314.0,2846.0,2286.0,1932.0,1583.0,15663.0,1066.0
ThirdParty_Info_Period4_7,Numerical,28624,318.2606903297932,288.36375705994936,0.0,124.0,240.0,425.0,4856.0,0.0,141.0,98.0,152.0,84.0,528.0,91.0,85.0,81.0,80.0,27759.0,1066.0
ThirdParty_Info_Period4_8,Numerical,28624,121.37643236444941,110.87292108800196,0.0,47.0,92.0,161.0,1676.0,0.0,43.0,47.0,36.0,40.0,573.0,198.0,192.0,189.0,187.0,27285.0,1066.0
ThirdParty_Info_Period4_9,Numerical,28624,2.411088596981554,6.949797068667734,0.0,0.0,0.0,2.0,499.0,0.0,1.0,2.0,3.0,4.0,18072.0,2513.0,1676.0,1145.0,927.0,4291.0,1066.0
ThirdParty_Info_Period4_10,Numerical,28624,0.7822107322526551,1.428180276838269,0.0,0.0,0.0,1.0,18.0,0.0,1.0,2.0,3.0,4.0,18072.0,5256.0,2431.0,1259.0,713.0,893.0,1066.0
ThirdParty_Info_Period4_11,Numerical,28624,19.786298211291225,15.643233349038669,0.0,9.0,16.0,27.0,171.0,10.0,8.0,9.0,7.0,6.0,1101.0,1091.0,1061.0,1061.0,1019.0,23291.0,1066.0
ThirdParty_Info_Period4_12,Numerical,28624,2.0825880380100616,26.142500739093222,0.0,0.0,0.0,1.0,1843.0,0.0,1.0,2.0,3.0,4.0,18946.0,4406.0,1931.0,1013.0,656.0,1672.0,1066.0
ThirdParty_Info_Period4_13,Numerical,28624,23417.44742174399,37581.77962294411,0.0,7853.0,16062.0,29833.5,1971963.0,0.0,5644.0,4180.0,11418.0,4588.0,319.0,7.0,6.0,6.0,6.0,28280.0,1066.0
ThirdParty_Info_Period4_14,Numerical,28624,20617.47928311906,36420.5038650194,0.0,7274.75,14931.5,26676.5,2920840.0,0.0,5266.0,5528.0,9134.0,6663.0,1089.0,7.0,6.0,6.0,6.0,27510.0,1066.0
ThirdParty_Info_Period4_15,Numerical,28624,2169.728514533259,6751.755832049323,0.0,51.0,350.0,1597.0,324274.0,0.0,16.0,21.0,13.0,27.0,4701.0,74.0,73.0,69.0,69.0,23638.0,1066.0
ThirdParty_Info_Period4_16,Numerical,28624,27883.291363890443,49775.04869442402,0.0,9867.0,19861.0,35997.25,3001432.0,0.0,6798.0,6209.0,8916.0,11130.0,752.0,6.0,6.0,5.0,5.0,27850.0,1066.0
ThirdParty_Info_Period4_17,Numerical,28624,13988.698330072666,21977.673704188997,0.0,4533.0,9562.5,18105.0,1705670.0,0.0,3501.0,7880.0,1815.0,7120.0,798.0,9.0,8.0,7.0,7.0,27795.0,1066.0
ThirdParty_Info_Period5_1,Numerical,27099,27.61791948042363,44.76937397595321,0.0,0.0,9.0,36.0,1059.0,0.0,1.0,2.0,3.0,4.0,7206.0,1277.0,996.0,827.0,796.0,15997.0,2591.0
ThirdParty_Info_Period5_2,Numerical,27099,18.101811874976935,33.86886056371365,0.0,0.0,5.0,21.0,855.0,0.0,1.0,2.0,3.0,4.0,8381.0,1598.0,1252.0,978.0,880.0,14010.0,2591.0
ThirdParty_Info_Period5_3,Numerical,27099,227.69736890660172,206.39217949316668,0.0,88.0,171.0,302.0,3399.0,72.0,65.0,64.0,52.0,83.0,107.0,105.0,104.0,104.0,104.0,26575.0,2591.0
ThirdParty_Info_Period5_4,Numerical,27099,221.46499870843942,200.5333345303268,0.0,85.0,169.0,298.0,2821.0,0.0,68.0,88.0,117.0,131.0,844.0,103.0,100.0,99.0,99.0,25854.0,2591.0
ThirdParty_Info_Period5_5,Numerical,27099,84.13996826451161,63.37256389608259,1.0,42.0,70.0,109.0,1291.0,41.0,37.0,44.0,48.0,43.0,283.0,280.0,277.0,273.0,273.0,25713.0,2591.0
ThirdParty_Info_Period5_6,Numerical,27099,17.681058341636223,47.15516649514303,0.0,1.0,5.0,15.0,1253.0,0.0,1.0,2.0,3.0,4.0,4439.0,2692.0,2226.0,1816.0,1577.0,14349.0,2591.0
ThirdParty_Info_Period5_7,Numerical,27099,314.15805011255026,284.5779947656792,0.0,120.0,235.0,420.0,4267.0,0.0,101.0,84.0,161.0,92.0,511.0,79.0,79.0,77.0,77.0,26276.0,2591.0
ThirdParty_Info_Period5_8,Numerical,27099,117.32325916085465,107.89784736706466,0.0,45.0,88.0,156.0,1787.0,0.0,58.0,65.0,47.0,49.0,571.0,191.0,186.0,186.0,182.0,25783.0,2591.0
ThirdParty_Info_Period5_9,Numerical,27099,2.2554706815749657,6.287178523760826,0.0,0.0,0.0,2.0,284.0,0.0,1.0,2.0,3.0,4.0,17498.0,2370.0,1531.0,1084.0,754.0,3862.0,2591.0
ThirdParty_Info_Period5_10,Numerical,27099,0.7426842318904756,1.3857015952040985,0.0,0.0,0.0,1.0,15.0,0.0,1.0,2.0,3.0,4.0,17498.0,4874.0,2146.0,1149.0,629.0,803.0,2591.0
ThirdParty_Info_Period5_11,Numerical,27099,19.42761725524927,15.51176675263899,0.0,8.0,16.0,26.0,238.0,11.0,7.0,10.0,8.0,9.0,1066.0,1060.0,1000.0,997.0,954.0,22022.0,2591.0
ThirdParty_Info_Period5_12,Numerical,27099,1.8942396398391084,24.065060297525953,0.0,0.0,0.0,1.0,2443.0,0.0,1.0,2.0,3.0,4.0,17935.0,4277.0,1788.0,910.0,544.0,1645.0,2591.0
ThirdParty_Info_Period5_13,Numerical,27099,22740.721059817704,34218.44158649869,0.0,7723.0,15735.0,29075.0,2808438.0,0.0,9342.0,1747.0,7442.0,12562.0,291.0,6.0,6.0,6.0,6.0,26784.0,2591.0
ThirdParty_Info_Period5_14,Numerical,27099,20023.99047935348,32691.26102931443,0.0,6994.5,14574.0,26128.5,3206589.0,0.0,2594.0,12533.0,13534.0,7650.0,1047.0,7.0,7.0,5.0,5.0,26028.0,2591.0
ThirdParty_Info_Period5_15,Numerical,27099,2064.904609026163,6544.003593907273,0.0,41.0,320.0,1456.0,290324.0,0.0,12.0,10.0,18.0,11.0,4808.0,70.0,69.0,68.0,68.0,22016.0,2591.0
ThirdParty_Info_Period5_16,Numerical,27099,27175.85268829108,44189.46703910697,0.0,9542.0,19439.0,35276.5,3813435.0,0.0,14564.0,9318.0,11740.0,14872.0,720.0,6.0,5.0,5.0,5.0,26358.0,2591.0
ThirdParty_Info_Period5_17,Numerical,27099,13532.98778552714,20306.17846308247,0.0,4352.0,9339.0,17504.0,1911268.0,0.0,4303.0,8843.0,8394.0,4457.0,778.0,9.0,7.0,7.0,7.0,26291.0,2591.0
ThirdParty_Info_Period6_1,Numerical,21682,26.87229037911632,43.28864305345875,0.0,0.0,8.0,35.0,507.0,0.0,1.0,2.0,3.0,4.0,6131.0,1014.0,752.0,622.0,563.0,12600.0,8008.0
ThirdParty_Info_Period6_2,Numerical,21682,17.55691356885896,32.82465633055539,0.0,0.0,4.0,20.0,605.0,0.0,1.0,2.0,3.0,4.0,7158.0,1251.0,941.0,772.0,726.0,10834.0,8008.0
ThirdParty_Info_Period6_3,Numerical,21682,223.87551886357346,200.94441369953185,0.0,88.0,169.0,298.0,2702.0,73.0,122.0,95.0,46.0,75.0,93.0,92.0,86.0,86.0,85.0,21240.0,8008.0
ThirdParty_Info_Period6_4,Numerical,21682,220.38414352919472,199.58843145529156,0.0,84.0,168.0,298.0,2578.0,0.0,84.0,129.0,37.0,78.0,589.0,93.0,89.0,83.0,82.0,20746.0,8008.0
ThirdParty_Info_Period6_5,Numerical,21682,82.94866709713126,61.38120415815209,1.0,42.0,69.0,108.0,1214.0,44.0,50.0,46.0,36.0,53.0,239.0,232.0,229.0,227.0,225.0,20530.0,8008.0
ThirdParty_Info_Period6_6,Numerical,21682,16.639793376994742,48.412130358648824,0.0,1.0,5.0,14.0,2199.0,0.0,1.0,2.0,3.0,4.0,3767.0,2219.0,1847.0,1431.0,1221.0,11197.0,8008.0
ThirdParty_Info_Period6_7,Numerical,21682,313.2837837837838,284.7781196166674,0.0,120.0,236.0,421.0,3918.0,0.0,122.0,89.0,107.0,106.0,410.0,72.0,69.0,65.0,64.0,21002.0,8008.0
ThirdParty_Info_Period6_8,Numerical,21682,114.33608523198967,104.5723717344369,0.0,44.0,87.0,153.0,1710.0,0.0,41.0,55.0,50.0,59.0,451.0,171.0,160.0,154.0,152.0,20594.0,8008.0
ThirdParty_Info_Period6_9,Numerical,21682,2.125219075731021,5.914146110792019,0.0,0.0,0.0,2.0,272.0,0.0,1.0,2.0,3.0,4.0,14250.0,1886.0,1137.0,836.0,631.0,2942.0,8008.0
ThirdParty_Info_Period6_10,Numerical,21682,0.708283368692925,1.347987348238192,0.0,0.0,0.0,1.0,17.0,0.0,1.0,2.0,3.0,4.0,14250.0,3808.0,1686.0,880.0,469.0,589.0,8008.0
ThirdParty_Info_Period6_11,Numerical,21682,19.338345171109676,15.479957090677159,0.0,8.0,15.0,26.0,200.0,8.0,6.0,12.0,9.0,10.0,844.0,826.0,815.0,796.0,795.0,17606.0,8008.0
ThirdParty_Info_Period6_12,Numerical,21682,1.9441010976847155,26.156649229279108,0.0,0.0,0.0,1.0,2279.0,0.0,1.0,2.0,3.0,4.0,14396.0,3353.0,1494.0,716.0,421.0,1302.0,8008.0
ThirdParty_Info_Period6_13,Numerical,21682,22490.772484088182,35626.247543282654,0.0,7556.25,15562.0,28870.25,2551974.0,0.0,2088.0,9621.0,5323.0,4215.0,191.0,5.0,5.0,5.0,5.0,21471.0,8008.0
ThirdParty_Info_Period6_14,Numerical,21682,19917.52236878517,34826.71490685782,0.0,7080.25,14415.0,26001.25,3062451.0,0.0,15544.0,10200.0,12626.0,3295.0,708.0,6.0,6.0,5.0,5.0,20952.0,8008.0
ThirdParty_Info_Period6_15,Numerical,21682,1988.322479476063,6546.323181418028,0.0,35.0,292.0,1392.0,290238.0,0.0,16.0,21.0,33.0,28.0,4009.0,63.0,62.0,58.0,57.0,17433.0,8008.0
ThirdParty_Info_Period6_16,Numerical,21682,27031.781385481045,46079.32676218907,0.0,9498.75,19276.0,35278.25,3308861.0,0.0,9903.0,9050.0,6642.0,18445.0,525.0,5.0,5.0,5.0,4.0,21138.0,8008.0
ThirdParty_Info_Period6_17,Numerical,21682,13397.489023152846,22313.441301582257,0.0,4226.25,9094.5,17157.0,2057102.0,0.0,7134.0,2219.0,1961.0,2964.0,568.0,7.0,6.0,6.0,6.0,21089.0,8008.0
ThirdParty_Info_Period7_1,Numerical,1119,16.4798927613941,34.509822013060266,0.0,0.0,2.0,16.0,385.0,0.0,1.0,2.0,3.0,4.0,488.0,62.0,44.0,36.0,32.0,457.0,28571.0
ThirdParty_Info_Period7_2,Numerical,1119,10.554959785522788,24.654325205077015,0.0,0.0,1.0,10.0,333.0,0.0,1.0,2.0,3.0,4.0,520.0,69.0,56.0,39.0,36.0,399.0,28571.0
ThirdParty_Info_Period7_3,Numerical,1119,153.7917783735478,188.223553198998,0.0,23.0,92.0,213.5,1402.0,1.0,0.0,2.0,3.0,49.0,77.0,76.0,23.0,14.0,12.0,917.0,28571.0
ThirdParty_Info_Period7_4,Numerical,1119,138.05540661304735,169.58390244509118,0.0,15.0,88.0,187.5,1182.0,0.0,1.0,2.0,6.0,142.0,112.0,76.0,25.0,10.0,9.0,887.0,28571.0
ThirdParty_Info_Period7_5,Numerical,1119,55.656836461126005,52.708112307709385,1.0,17.0,44.0,79.0,456.0,1.0,2.0,3.0,31.0,44.0,134.0,27.0,21.0,17.0,17.0,903.0,28571.0
ThirdParty_Info_Period7_6,Numerical,1119,14.492403932082217,43.47641070175324,0.0,0.0,2.0,10.0,494.0,0.0,1.0,2.0,3.0,4.0,357.0,125.0,87.0,56.0,49.0,445.0,28571.0
ThirdParty_Info_Period7_7,Numerical,1119,195.30563002680964,230.58767473025304,0.0,28.5,126.0,272.0,1481.0,0.0,1.0,2.0,3.0,110.0,162.0,20.0,11.0,9.0,9.0,908.0,28571.0
ThirdParty_Info_Period7_8,Numerical,1119,82.0491510277033,104.9518259737191,0.0,11.0,52.0,112.0,839.0,1.0,0.0,2.0,3.0,4.0,102.0,60.0,34.0,19.0,14.0,890.0,28571.0
ThirdParty_Info_Period7_9,Numerical,1119,1.9901697944593386,5.344725709047585,0.0,0.0,0.0,1.0,62.0,0.0,1.0,2.0,4.0,3.0,773.0,80.0,54.0,33.0,32.0,147.0,28571.0
ThirdParty_Info_Period7_10,Numerical,1119,0.6791778373547811,1.3730816325324,0.0,0.0,0.0,1.0,11.0,0.0,1.0,2.0,3.0,4.0,773.0,162.0,80.0,50.0,22.0,32.0,28571.0
ThirdParty_Info_Period7_11,Numerical,1119,12.655049151027704,13.502098457866463,0.0,2.0,9.0,18.0,88.0,0.0,7.0,9.0,3.0,5.0,205.0,55.0,45.0,44.0,43.0,727.0,28571.0
ThirdParty_Info_Period7_12,Numerical,1119,2.517426273458445,27.219498203634554,0.0,0.0,0.0,1.0,571.0,0.0,1.0,2.0,3.0,4.0,808.0,156.0,48.0,32.0,17.0,58.0,28571.0
ThirdParty_Info_Period7_13,Numerical,1119,16950.835567470956,37163.22300271709,0.0,1754.5,8811.0,21222.5,729077.0,0.0,55.0,43.0,67.0,19.0,97.0,3.0,3.0,3.0,2.0,1011.0,28571.0
ThirdParty_Info_Period7_14,Numerical,1119,13334.30473637176,27462.69241275009,0.0,882.0,7699.0,17471.0,566007.0,0.0,11.0,12.0,15.0,35.0,135.0,3.0,3.0,3.0,3.0,972.0,28571.0
ThirdParty_Info_Period7_15,Numerical,1119,1597.6997319034851,6345.268310138505,0.0,0.0,103.0,926.0,149016.0,0.0,29.0,63.0,17.0,59.0,382.0,6.0,5.0,4.0,4.0,718.0,28571.0
ThirdParty_Info_Period7_16,Numerical,1119,18551.208221626453,45206.0436904376,0.0,1920.0,10535.0,24397.0,996962.0,0.0,17037.0,722.0,16444.0,268.0,179.0,2.0,2.0,2.0,2.0,932.0,28571.0
ThirdParty_Info_Period7_17,Numerical,1119,10155.535299374442,17961.21627659124,0.0,1011.5,5578.0,13081.0,298627.0,0.0,11.0,15.0,124.0,39.0,76.0,3.0,3.0,3.0,3.0,1031.0,28571.0
SocialNetwork_2,Numerical,29690,0.03128999663186258,0.19714794164251645,0.0,0.0,0.0,0.0,2.0,0.0,1.0,2.0,,,28888.0,675.0,127.0,,,0.0,0.0
SocialNetwork_3,Numerical,802,3228.923940149626,38807.99516426497,0.0,9.0,47.0,205.5,1032721.0,1.0,5.0,3.0,4.0,0.0,62.0,24.0,23.0,21.0,21.0,651.0,28888.0
SocialNetwork_4,Numerical,802,217.76309226932668,384.11315401916494,0.0,33.0,90.0,216.75,2996.0,0.0,30.0,1.0,65.0,41.0,40.0,11.0,10.0,10.0,10.0,721.0,28888.0
SocialNetwork_5,Numerical,801,413.22971285892635,1155.5506705316043,0.0,8.0,77.0,306.0,17494.0,0.0,2.0,1.0,3.0,6.0,62.0,32.0,29.0,24.0,16.0,638.0,28889.0
SocialNetwork_6,Numerical,801,26.583021223470663,197.13010528927558,0.0,0.0,0.0,4.0,4217.0,0.0,1.0,2.0,3.0,4.0,449.0,72.0,47.0,26.0,25.0,182.0,28889.0
SocialNetwork_7,Categorical,820,0.07926829268292683,0.270321928494829,0.0,0.0,0.0,0.0,1.0,0.0,1.0,,,,755.0,65.0,,,,0.0,28870.0
SocialNetwork_8,Numerical,7341,114.71161967034465,465.2451796415316,0.0,36.0,73.0,123.0,27927.0,0.0,1.0,2.0,72.0,76.0,205.0,81.0,69.0,62.0,62.0,6862.0,22349.0
SocialNetwork_9,Numerical,7350,146.19714285714286,241.46717181843792,0.0,30.0,74.5,163.0,3242.0,0.0,2.0,3.0,4.0,5.0,142.0,118.0,88.0,87.0,86.0,6829.0,22340.0
SocialNetwork_10,Numerical,7363,307.0677712888768,1475.1715144932361,0.0,24.0,88.0,259.0,71253.0,0.0,1.0,2.0,4.0,5.0,239.0,118.0,107.0,97.0,89.0,6713.0,22327.0
SocialNetwork_13,Numerical,29690,0.2204445941394409,0.42004212233007615,0.0,0.0,0.0,0.0,2.0,0.0,1.0,2.0,,,23213.0,6409.0,68.0,,,0.0,0.0
SocialNetwork_14,Numerical,29690,0.061872684405523744,0.24218318597486063,0.0,0.0,0.0,0.0,3.0,0.0,1.0,2.0,3.0,,27861.0,1822.0,6.0,1.0,,0.0,0.0
SocialNetwork_15,Numerical,29690,0.02761872684405524,0.1638805581719139,0.0,0.0,0.0,0.0,1.0,0.0,1.0,,,,28870.0,820.0,,,,0.0,0.0
SocialNetwork_16,Numerical,29690,0.016571236106433143,0.12766040557555847,0.0,0.0,0.0,0.0,1.0,0.0,1.0,,,,29198.0,492.0,,,,0.0,0.0
SocialNetwork_17,Numerical,29690,0.2531492084877063,0.43706365715496975,0.0,0.0,0.0,1.0,3.0,0.0,1.0,2.0,3.0,,22202.0,7461.0,26.0,1.0,,0.0,0.0
target,Numerical,29690,0.07298753789154598,0.26012042629270865,0.0,0.0,0.0,0.0,1.0,0.0,1.0,,,,27523.0,2167.0,,,,0.0,0.0
ListingInfo,datetime64[ns],29690,,,,,,,,2014-09-09 00:00:00,2014-10-14 00:00:00,2014-09-30 00:00:00,2014-10-24 00:00:00,2014-10-10 00:00:00,431.0,379.0,365.0,320.0,317.0,27878.0,0.0
UserInfo_2_4,Numerical,29690,0.71003704951162,0.45375254548796873,0.0,0.0,1.0,1.0,1.0,1.0,0.0,,,,21081.0,8609.0,,,,0.0,0.0
UserInfo_2_8,Numerical,29690,0.6418322667564836,0.479469864708225,0.0,0.0,1.0,1.0,1.0,1.0,0.0,,,,19056.0,10634.0,,,,0.0,0.0
UserInfo_2_20,Numerical,29690,0.48012798922196026,0.49961336102395465,0.0,0.0,0.0,1.0,1.0,0.0,1.0,,,,15435.0,14255.0,,,,0.0,0.0
UserInfo_4_8,Numerical,29690,0.6542270124621085,0.4756276359537959,0.0,0.0,1.0,1.0,1.0,1.0,0.0,,,,19424.0,10266.0,,,,0.0,0.0
UserInfo_4_20,Numerical,29690,0.44617716402829233,0.4971030329623337,0.0,0.0,0.0,1.0,1.0,0.0,1.0,,,,16443.0,13247.0,,,,0.0,0.0
UserInfo_8_20,Numerical,29690,0.42280229033344563,0.49401288800901366,0.0,0.0,0.0,1.0,1.0,0.0,1.0,,,,17137.0,12553.0,,,,0.0,0.0
UserInfo_7_19,Numerical,29690,0.622532839339845,0.4847614033637651,0.0,0.0,1.0,1.0,1.0,1.0,0.0,,,,18483.0,11207.0,,,,0.0,0.0
Log_FirstTime,Numerical,29690,-40.3997305490064,126.43735389310268,-1347.0,-15.0,-9.0,-5.0,0.0,-5.0,-6.0,-4.0,-7.0,-8.0,2285.0,2220.0,2220.0,2126.0,1971.0,18868.0,0.0
Log_Count,Numerical,29690,19.191748063320983,27.357523265649732,0.0,9.0,13.0,22.0,1957.0,7.0,8.0,9.0,10.0,11.0,2491.0,2485.0,2033.0,1848.0,1653.0,19180.0,0.0
Log_DayFreq,Numerical,29690,0.4205328824610483,0.30319244795828415,0.0,0.16666666666666666,0.3716687862088456,0.6666666666666666,1.0,1.0,0.5,0.3333333333333333,0.6666666666666666,0.25,2637.0,1745.0,1307.0,1077.0,1026.0,21898.0,0.0
Log_Cats,Numerical,29690,7.919669922532839,2.2803996874501222,0.0,7.0,8.0,9.0,22.0,8,7,9,10,11,9440.0,8110.0,4467.0,2304.0,1231.0,4138.0,0.0
"Log_(-4, 6)",Numerical,29690,9.394408891882788,14.643774965316581,0.0,2.0,5.0,12.0,504.0,1.0,0.0,2.0,3.0,4.0,3465.0,3016.0,2928.0,2370.0,2007.0,15904.0,0.0
"Log_(1, 0)",Categorical,29690,0.8051195688784102,0.3961153033423955,0.0,1.0,1.0,1.0,1.0,1.0,0.0,,,,23904.0,5786.0,,,,0.0,0.0
"Log_(1, 1)",Categorical,29690,0.9324014819804648,0.25132809510520054,0.0,1.0,1.0,1.0,2.0,1.0,0.0,2.0,,,27679.0,2009.0,2.0,,,0.0,0.0
"Log_(1, 2)",Numerical,29690,1.081071067699562,0.7313044663530982,0.0,1.0,1.0,1.0,10.0,1.0,0.0,2.0,3.0,4.0,20084.0,4421.0,4042.0,815.0,210.0,118.0,0.0
"Log_(1, 4)",Categorical,29690,0.06881104749073762,0.28740846411977405,0.0,0.0,0.0,0.0,5.0,0.0,1.0,2.0,3.0,4.0,27860.0,1669.0,118.0,35.0,7.0,1.0,0.0
"Log_(2, 1)",Categorical,29690,0.9321320309868643,0.2517911210698849,0.0,1.0,1.0,1.0,2.0,1.0,0.0,2.0,,,27671.0,2017.0,2.0,,,0.0,0.0
"Log_(2, 7)",Categorical,29690,0.02273492758504547,0.18312870317528573,0.0,0.0,0.0,0.0,10.0,0.0,1.0,2.0,3.0,5.0,29119.0,495.0,61.0,10.0,2.0,3.0,0.0
"Log_(4, 1)",Numerical,29690,0.9445604580666891,0.36117006803777746,0.0,1.0,1.0,1.0,36.0,1.0,0.0,2.0,4.0,3.0,27671.0,1907.0,73.0,12.0,8.0,19.0,0.0
"Log_(4, 7)",Numerical,29690,0.3775345234085551,1.066283423747517,0.0,0.0,0.0,0.0,42.0,0.0,1.0,2.0,3.0,4.0,22576.0,5122.0,1270.0,355.0,145.0,222.0,0.0
"Log_(-10, 13)",Numerical,29690,0.14762546311889524,0.5221993507435558,0.0,0.0,0.0,0.0,36.0,0.0,1.0,2.0,3.0,4.0,26060.0,3236.0,255.0,66.0,33.0,40.0,0.0
"Log_(3, 1)",Numerical,29690,0.14641293364769284,0.44353595062159334,0.0,0.0,0.0,0.0,14.0,0.0,1.0,2.0,3.0,4.0,25904.0,3427.0,261.0,57.0,22.0,19.0,0.0
"Log_(2, 21)",Categorical,29690,0.6656449983159313,11.185395272198642,0.0,0.0,0.0,1.0,1924.0,0.0,1.0,2.0,3.0,4.0,15612.0,10439.0,3543.0,83.0,8.0,5.0,0.0
"Log_(99, 6)",Numerical,29690,0.686460087571573,2.9394180401471464,0.0,0.0,0.0,0.0,162.0,0.0,2.0,1.0,3.0,4.0,25907.0,691.0,653.0,515.0,416.0,1508.0,0.0
"Log_(1, 6)",Numerical,29690,0.03125631525766251,0.5858249597562895,0.0,0.0,0.0,0.0,55.0,0.0,1.0,2.0,6.0,4.0,29143.0,495.0,20.0,5.0,4.0,23.0,0.0
"Log_(1, 20)",Numerical,29690,0.9348939036712698,0.37203021070666703,0.0,1.0,1.0,1.0,12.0,1.0,0.0,2.0,3.0,4.0,26477.0,2667.0,445.0,64.0,20.0,17.0,0.0
"Log_(2, 3)",Numerical,29690,0.273021219265746,4.548461328252011,0.0,0.0,0.0,0.0,237.0,0.0,1.0,2.0,3.0,10.0,29171.0,170.0,61.0,31.0,17.0,240.0,0.0
"Log_(2, 11)",Categorical,29690,0.004648029639609296,0.10628131541811428,0.0,0.0,0.0,0.0,8.0,0.0,1.0,2.0,3.0,4.0,29605.0,56.0,16.0,7.0,4.0,2.0,0.0
"Log_(10, 0)",Categorical,29690,0.02987537891545975,0.17024634170786854,0.0,0.0,0.0,0.0,1.0,0.0,1.0,,,,28803.0,887.0,,,,0.0,0.0
"Log_(100, 6)",Numerical,29690,0.18127315594476254,3.6600203358733,0.0,0.0,0.0,0.0,355.0,0.0,1.0,2.0,3.0,4.0,29042.0,190.0,87.0,52.0,36.0,283.0,0.0
"Log_(10, 20)",Categorical,29690,0.030683731896261366,0.1897582380284845,0.0,0.0,0.0,0.0,5.0,0.0,1.0,2.0,3.0,4.0,28852.0,780.0,47.0,8.0,2.0,1.0,0.0
"Log_(107, 6)",Numerical,29690,1.002458740316605,6.746795054549132,0.0,0.0,0.0,0.0,498.0,0.0,1.0,2.0,3.0,4.0,26285.0,634.0,412.0,303.0,281.0,1775.0,0.0
"Log_(1, 21)",Categorical,29690,0.007140451330414281,0.14031023597722864,0.0,0.0,0.0,0.0,7.0,0.0,1.0,2.0,3.0,4.0,29588.0,40.0,34.0,14.0,10.0,4.0,0.0
"Log_(4, 19)",Numerical,29690,0.05543954193331088,2.9884907644509373,0.0,0.0,0.0,0.0,481.0,0.0,1.0,2.0,3.0,4.0,29469.0,110.0,29.0,27.0,10.0,45.0,0.0
"Log_(4, 0)",Categorical,29690,0.004008083529808016,0.0631834888039288,0.0,0.0,0.0,0.0,1.0,0.0,1.0,,,,29571.0,119.0,,,,0.0,0.0
"Log_(102, 6)",Numerical,29690,0.006433142472212866,0.4435066475764507,0.0,0.0,0.0,0.0,69.0,0.0,1.0,2.0,13.0,11.0,29653.0,20.0,7.0,1.0,1.0,8.0,0.0
"Log_(12, 0)",Categorical,29690,0.09882115190299764,0.2984267606184701,0.0,0.0,0.0,0.0,1.0,0.0,1.0,,,,26756.0,2934.0,,,,0.0,0.0
"Log_(4, 6)",Numerical,29690,0.15217244863590434,4.8747265395944,0.0,0.0,0.0,0.0,614.0,0.0,1.0,2.0,3.0,4.0,29132.0,253.0,82.0,45.0,36.0,142.0,0.0
"Log_(2, 0)",Categorical,29690,0.0014146177164028292,0.03758542474935723,0.0,0.0,0.0,0.0,1.0,0.0,1.0,,,,29648.0,42.0,,,,0.0,0.0
"Log_(2, 2)",Categorical,29690,0.005927921859211856,0.10903424521294924,0.0,0.0,0.0,0.0,7.0,0.0,1.0,2.0,3.0,4.0,29569.0,85.0,25.0,7.0,2.0,2.0,0.0
"Log_(2, 6)",Categorical,29690,0.0035702256652071405,0.19557756239452295,0.0,0.0,0.0,0.0,28.0,0.0,1.0,2.0,5.0,28.0,29650.0,28.0,4.0,3.0,1.0,4.0,0.0
"Log_(2, 10)",Numerical,29690,0.01902997642303806,0.31501908822538394,0.0,0.0,0.0,0.0,24.0,0.0,1.0,2.0,3.0,4.0,29396.0,206.0,43.0,12.0,11.0,22.0,0.0
"Log_(103, 6)",Numerical,29690,0.01596497137083193,0.46481628822944016,0.0,0.0,0.0,0.0,27.0,0.0,1.0,5.0,2.0,4.0,29623.0,16.0,7.0,6.0,5.0,33.0,0.0
"Log_(9, 0)",Categorical,29690,0.0009430784776018862,0.030695615580708813,0.0,0.0,0.0,0.0,1.0,0.0,1.0,,,,29662.0,28.0,,,,0.0,0.0
"Log_(2, 20)",Categorical,29690,0.003940720781407881,0.06265240387588193,0.0,0.0,0.0,0.0,1.0,0.0,1.0,,,,29573.0,117.0,,,,0.0,0.0
"Log_(5, 0)",Categorical,29690,0.0017514314584035028,0.04181414635663314,0.0,0.0,0.0,0.0,1.0,0.0,1.0,,,,29638.0,52.0,,,,0.0,0.0
"Log_(8, 0)",Categorical,29690,0.00020208824520040418,0.014214577412114508,0.0,0.0,0.0,0.0,1.0,0.0,1.0,,,,29684.0,6.0,,,,0.0,0.0
"Log_(8, 6)",Categorical,29690,0.001111485348602223,0.09831400992701626,0.0,0.0,0.0,0.0,16.0,0.0,1.0,2.0,16.0,3.0,29678.0,6.0,4.0,1.0,1.0,0.0,0.0
"Log_(0, 0)",Categorical,29690,0.00020208824520040418,0.0142145774121137,0.0,0.0,0.0,0.0,1.0,0.0,1.0,,,,29684.0,6.0,,,,0.0,0.0
"Log_(3, 6)",Categorical,29690,0.0006399461098012799,0.05535972131837696,0.0,0.0,0.0,0.0,9.0,0.0,1.0,9.0,,,29679.0,10.0,1.0,,,0.0,0.0
"Log_(6, 6)",Categorical,29690,6.736274840013472e-05,0.008207343020355161,0.0,0.0,0.0,0.0,1.0,0.0,1.0,,,,29688.0,2.0,,,,0.0,0.0
"Log_(9, 6)",Categorical,29690,0.0037386325362074773,0.20752337398253667,0.0,0.0,0.0,0.0,23.0,0.0,1.0,2.0,3.0,7.0,29659.0,16.0,6.0,3.0,2.0,4.0,0.0
"Log_(104, 6)",Categorical,29690,0.0040417649040080834,0.4579202578898446,0.0,0.0,0.0,0.0,77.0,0.0,1.0,2.0,11.0,10.0,29676.0,6.0,3.0,1.0,1.0,3.0,0.0
"Log_(6, 0)",Categorical,29690,0.00020208824520040418,0.014214577412113436,0.0,0.0,0.0,0.0,1.0,0.0,1.0,,,,29684.0,6.0,,,,0.0,0.0
"Log_(101, 6)",Categorical,29690,0.00013472549680026944,0.018352300541399424,0.0,0.0,0.0,0.0,3.0,0.0,3.0,1.0,,,29688.0,1.0,1.0,,,0.0,0.0
"Log_(3, 21)",Categorical,29690,0.00020208824520040418,0.014214577412113712,0.0,0.0,0.0,0.0,1.0,0.0,1.0,,,,29684.0,6.0,,,,0.0,0.0
"Log_(2000, 6)",Categorical,29690,0.007982485685415965,0.12965806809191152,0.0,0.0,0.0,0.0,7.0,0.0,1.0,2.0,3.0,4.0,29533.0,103.0,41.0,7.0,3.0,3.0,0.0
"Log_(3000, 0)",Categorical,29690,6.736274840013472e-05,0.008207343020358521,0.0,0.0,0.0,0.0,1.0,0.0,1.0,,,,29688.0,2.0,,,,0.0,0.0
"Log_(3001, 6)",Categorical,29690,0.0014482990906028966,0.12754040163125674,0.0,0.0,0.0,0.0,15.0,0.0,15.0,10.0,2.0,12.0,29684.0,1.0,1.0,1.0,1.0,2.0,0.0
"Log_(11, 0)",Categorical,29690,0.00013472549680026944,0.011606544839962976,0.0,0.0,0.0,0.0,1.0,0.0,1.0,,,,29686.0,4.0,,,,0.0,0.0
"Log_(22, 22)",Categorical,29690,0.014550353654429101,2.5071403587976544,0.0,0.0,0.0,0.0,432.0,0.0,432.0,,,,29689.0,1.0,,,,0.0,0.0
"Log_(300, 20)",Categorical,29690,0.03661165375547323,0.1924160051545661,0.0,0.0,0.0,0.0,4.0,0.0,1.0,2.0,3.0,4.0,28624.0,1049.0,14.0,2.0,1.0,0.0,0.0
"Log_(303, 20)",Categorical,29690,0.004749073762209498,0.06875084917048874,0.0,0.0,0.0,0.0,1.0,0.0,1.0,,,,29549.0,141.0,,,,0.0,0.0
"Log_(307, 20)",Categorical,29690,0.02553048164365106,0.15794581078415224,0.0,0.0,0.0,0.0,2.0,0.0,1.0,2.0,,,28933.0,756.0,1.0,,,0.0,0.0
"Log_(1000, 23)",Numerical,29690,0.006837318962613675,0.2787941212100965,0.0,0.0,0.0,0.0,20.0,0.0,1.0,4.0,2.0,6.0,29652.0,12.0,6.0,6.0,3.0,11.0,0.0
"Log_(302, 20)",Categorical,29690,0.008285618053216572,0.09064901187956938,0.0,0.0,0.0,0.0,1.0,0.0,1.0,,,,29444.0,246.0,,,,0.0,0.0
"Log_(304, 20)",Categorical,29690,0.0034018187942068037,0.05822680323615992,0.0,0.0,0.0,0.0,1.0,0.0,1.0,,,,29589.0,101.0,,,,0.0,0.0
"Log_(310, 20)",Categorical,29690,0.0006062647356012126,0.024615393289737348,0.0,0.0,0.0,0.0,1.0,0.0,1.0,,,,29672.0,18.0,,,,0.0,0.0
"Log_(305, 20)",Categorical,29690,0.0010104412260020209,0.031771909516691337,0.0,0.0,0.0,0.0,1.0,0.0,1.0,,,,29660.0,30.0,,,,0.0,0.0
"Log_(200, 0)",Categorical,29690,0.00013472549680026944,0.011606544839965231,0.0,0.0,0.0,0.0,1.0,0.0,1.0,,,,29686.0,4.0,,,,0.0,0.0
"Log_(207, 0)",Categorical,29690,0.0002694509936005389,0.016413027237610123,0.0,0.0,0.0,0.0,1.0,0.0,1.0,,,,29682.0,8.0,,,,0.0,0.0
Userupdate_FirstTime,Numerical,29690,-27.982081508925564,72.21815727923739,-774.0,-14.0,-9.0,-5.0,0.0,-5.0,-4.0,-6.0,-7.0,-8.0,2463.0,2418.0,2416.0,2260.0,2111.0,18022.0,0.0
Userupdate_Count,Numerical,29690,12.403603907039408,5.280423555811005,0.0,11.0,12.0,13.0,89.0,12.0,13.0,2.0,14.0,9.0,11170.0,3268.0,2211.0,2014.0,2003.0,9024.0,0.0
Userupdate_DayFreq,Numerical,29690,0.15649313026761663,0.1280620280455367,0.0,0.07692307692307693,0.125,0.2,1.0,0.2,0.16666666666666666,0.14285714285714285,0.25,0.125,2187.0,2184.0,2004.0,1990.0,1845.0,19480.0,0.0
Userupdate_Cats,Numerical,29690,11.27083192994274,3.3571633872463824,0.0,11.0,12.0,13.0,31.0,12,13,9,2,11,11518.0,5112.0,2943.0,2246.0,2240.0,5631.0,0.0
Userupdate__age,Categorical,29690,0.033041428090266084,0.1824775838637133,0.0,0.0,0.0,0.0,2.0,0.0,1.0,2.0,,,28729.0,941.0,20.0,,,0.0,0.0
Userupdate__bussinessaddress,Categorical,29690,0.010373863253620748,0.10745476879747058,0.0,0.0,0.0,0.0,2.0,0.0,1.0,2.0,,,29401.0,270.0,19.0,,,0.0,0.0
Userupdate__byuserid,Categorical,29690,0.012226338834624453,0.14434235174458537,0.0,0.0,0.0,0.0,13.0,0.0,1.0,2.0,13.0,3.0,29377.0,281.0,28.0,1.0,1.0,2.0,0.0
Userupdate__cityid,Categorical,29690,0.6683058268777367,0.5316445766159884,0.0,0.0,1.0,1.0,6.0,1.0,0.0,2.0,3.0,4.0,18307.0,10652.0,679.0,37.0,10.0,5.0,0.0
Userupdate__companyaddress,Categorical,29690,0.030683731896261366,0.19152503510804186,0.0,0.0,0.0,0.0,4.0,0.0,1.0,2.0,3.0,4.0,28863.0,759.0,55.0,10.0,3.0,0.0,0.0
Userupdate__companyname,Categorical,29690,0.03486022229706972,0.20229073710743684,0.0,0.0,0.0,0.0,4.0,0.0,1.0,2.0,3.0,4.0,28753.0,847.0,84.0,4.0,2.0,0.0,0.0
Userupdate__companyphone,Categorical,29690,0.042573256988885144,0.22997358723508068,0.0,0.0,0.0,0.0,5.0,0.0,1.0,2.0,3.0,4.0,28571.0,1003.0,92.0,20.0,3.0,1.0,0.0
Userupdate__companysizeid,Categorical,29690,0.0033344560458066688,0.061603607917482345,0.0,0.0,0.0,0.0,2.0,0.0,1.0,2.0,,,29598.0,85.0,7.0,,,0.0,0.0
Userupdate__companytypeid,Categorical,29690,0.01212529471202425,0.11945327952045379,0.0,0.0,0.0,0.0,4.0,0.0,1.0,2.0,4.0,,29361.0,300.0,28.0,1.0,,0.0,0.0
Userupdate__contactid,Categorical,29690,0.0005389019872010778,0.032826054475211704,0.0,0.0,0.0,0.0,2.0,0.0,2.0,,,,29682.0,8.0,,,,0.0,0.0
Userupdate__creationdate,Categorical,29690,0.0012125294712024251,0.04183324244865716,0.0,0.0,0.0,0.0,2.0,0.0,1.0,2.0,,,29662.0,20.0,8.0,,,0.0,0.0
Userupdate__department,Categorical,29690,0.018558437184237116,0.14736897906099128,0.0,0.0,0.0,0.0,4.0,0.0,1.0,2.0,4.0,3.0,29187.0,458.0,43.0,1.0,1.0,0.0,0.0
Userupdate__districtid,Categorical,29690,0.6765577635567531,0.5443385864795603,0.0,0.0,1.0,1.0,6.0,1.0,0.0,2.0,3.0,4.0,18111.0,10635.0,879.0,48.0,12.0,5.0,0.0
Userupdate__dormitoryphone,Categorical,29690,0.0009767598518019534,0.03432103890647437,0.0,0.0,0.0,0.0,2.0,0.0,1.0,2.0,,,29664.0,23.0,3.0,,,0.0,0.0
Userupdate__educationid,Categorical,29690,0.9396429774334792,0.4029197312918745,0.0,1.0,1.0,1.0,9.0,1.0,0.0,2.0,3.0,4.0,25765.0,2977.0,792.0,113.0,23.0,20.0,0.0
Userupdate__flag_uctobcp,Categorical,29690,0.027652408218255306,0.23662279196785962,0.0,0.0,0.0,0.0,4.0,0.0,2.0,1.0,4.0,,29277.0,384.0,21.0,8.0,,0.0,0.0
Userupdate__flag_uctopvr,Categorical,29690,0.02324014819804648,0.2185419748174154,0.0,0.0,0.0,0.0,4.0,0.0,2.0,1.0,4.0,,29348.0,324.0,10.0,8.0,,0.0,0.0
Userupdate__gender,Categorical,29690,0.02145503536544291,0.14513024838052385,0.0,0.0,0.0,0.0,2.0,0.0,1.0,2.0,,,29054.0,635.0,1.0,,,0.0,0.0
Userupdate__graduatedate,Categorical,29690,6.736274840013472e-05,0.00820734302035851,0.0,0.0,0.0,0.0,1.0,0.0,1.0,,,,29688.0,2.0,,,,0.0,0.0
Userupdate__graduateschool,Categorical,29690,6.736274840013472e-05,0.00820734302035851,0.0,0.0,0.0,0.0,1.0,0.0,1.0,,,,29688.0,2.0,,,,0.0,0.0
Userupdate__hasbusinesslicense,Categorical,29690,0.007814078814415627,0.09031871473788462,0.0,0.0,0.0,0.0,2.0,0.0,1.0,2.0,,,29464.0,220.0,6.0,,,0.0,0.0
Userupdate__hasbuycar,Categorical,29690,0.9367126978780734,0.37531726883500544,0.0,1.0,1.0,1.0,8.0,1.0,0.0,2.0,3.0,4.0,26176.0,2789.0,605.0,85.0,19.0,16.0,0.0
Userupdate__hasppdaiaccount,Categorical,29690,3.368137420006736e-05,0.005803565645366759,0.0,0.0,0.0,0.0,1.0,0.0,1.0,,,,29689.0,1.0,,,,0.0,0.0
Userupdate__hassborgjj,Categorical,29690,0.00306500505220613,0.05588451247187898,0.0,0.0,0.0,0.0,2.0,0.0,1.0,2.0,,,29600.0,89.0,1.0,,,0.0,0.0
Userupdate__idaddress,Categorical,29690,6.736274840013472e-05,0.00820734302035851,0.0,0.0,0.0,0.0,1.0,0.0,1.0,,,,29688.0,2.0,,,,0.0,0.0
Userupdate__idnumber,Categorical,29690,0.2372515998652745,0.46424953141883785,0.0,0.0,0.0,0.0,15.0,0.0,1.0,2.0,3.0,4.0,22906.0,6622.0,115.0,28.0,8.0,11.0,0.0
Userupdate__incomefrom,Categorical,29690,0.007443583698214887,0.10436190164173506,0.0,0.0,0.0,0.0,7.0,0.0,1.0,2.0,4.0,7.0,29499.0,171.0,16.0,2.0,1.0,1.0,0.0
Userupdate__iscash,Categorical,29690,0.019366790165038734,0.14680677079612067,0.0,0.0,0.0,0.0,3.0,0.0,1.0,2.0,3.0,,29152.0,502.0,35.0,1.0,,0.0,0.0
Userupdate__lastupdatedate,Numerical,29690,0.771000336813742,1.7357905460523475,0.0,0.0,0.0,1.0,51.0,0.0,1.0,2.0,3.0,4.0,19477.0,5231.0,2356.0,1042.0,628.0,956.0,0.0
Userupdate__marriagestatusid,Categorical,29690,0.9295385651734591,0.37971195316973155,0.0,1.0,1.0,1.0,8.0,1.0,0.0,2.0,3.0,4.0,26076.0,2949.0,541.0,86.0,22.0,16.0,0.0
Userupdate__mobilephone,Numerical,29690,0.9936005389019872,0.6347197919298565,0.0,1.0,1.0,1.0,13.0,1.0,0.0,2.0,3.0,4.0,21555.0,4622.0,2915.0,402.0,116.0,80.0,0.0
Userupdate__nickname,Categorical,29690,0.0009767598518019534,0.03432103890647964,0.0,0.0,0.0,0.0,2.0,0.0,1.0,2.0,,,29664.0,23.0,3.0,,,0.0,0.0
Userupdate__orderid,Categorical,29690,0.0002694509936005389,0.016413027237605852,0.0,0.0,0.0,0.0,1.0,0.0,1.0,,,,29682.0,8.0,,,,0.0,0.0
Userupdate__otherwebshoptype,Categorical,29690,6.736274840013472e-05,0.008207343020358108,0.0,0.0,0.0,0.0,1.0,0.0,1.0,,,,29688.0,2.0,,,,0.0,0.0
Userupdate__phone,Categorical,29690,0.12283597170764567,0.48511881824544084,0.0,0.0,0.0,0.0,8.0,0.0,1.0,2.0,3.0,4.0,27302.0,1525.0,622.0,141.0,66.0,34.0,0.0
Userupdate__phonetype,Categorical,29690,3.368137420006736e-05,0.005803565645366759,0.0,0.0,0.0,0.0,1.0,0.0,1.0,,,,29689.0,1.0,,,,0.0,0.0
Userupdate__position,Categorical,29690,0.005692152239811384,0.07656394274959603,0.0,0.0,0.0,0.0,2.0,0.0,1.0,2.0,,,29524.0,163.0,3.0,,,0.0,0.0
Userupdate__ppdaiaccount,Categorical,29690,3.368137420006736e-05,0.005803565645366759,0.0,0.0,0.0,0.0,1.0,0.0,1.0,,,,29689.0,1.0,,,,0.0,0.0
Userupdate__provinceid,Categorical,29690,0.6646345570899292,0.5261771081915032,0.0,0.0,1.0,1.0,6.0,1.0,0.0,2.0,3.0,4.0,18380.0,10666.0,599.0,31.0,9.0,5.0,0.0
Userupdate__qq,Categorical,29690,0.9016167059616033,0.39309366722710026,0.0,1.0,1.0,1.0,8.0,1.0,0.0,2.0,3.0,4.0,25486.0,3641.0,462.0,71.0,16.0,14.0,0.0
Userupdate__realname,Numerical,29690,0.34109127652408217,0.6445142254215169,0.0,0.0,0.0,1.0,15.0,0.0,1.0,2.0,3.0,4.0,21341.0,7177.0,791.0,258.0,72.0,51.0,0.0
Userupdate__regstepid,Categorical,29690,0.0337487369484675,0.24486946547909025,0.0,0.0,0.0,0.0,3.0,0.0,2.0,1.0,3.0,,29092.0,400.0,196.0,2.0,,0.0,0.0
Userupdate__relationshipid,Categorical,29690,0.0708992926911418,0.3273676180904338,0.0,0.0,0.0,0.0,5.0,0.0,1.0,2.0,3.0,4.0,28074.0,1228.0,306.0,67.0,11.0,4.0,0.0
Userupdate__residenceaddress,Categorical,29690,0.8914112495789828,0.412424093561065,0.0,1.0,1.0,1.0,8.0,1.0,0.0,2.0,3.0,4.0,24997.0,4040.0,552.0,67.0,19.0,15.0,0.0
Userupdate__residencephone,Categorical,29690,0.9512630515325026,0.3902063904746555,0.0,1.0,1.0,1.0,8.0,1.0,0.0,2.0,3.0,4.0,26036.0,2664.0,836.0,113.0,25.0,16.0,0.0
Userupdate__residencetypeid,Categorical,29690,0.9452004041764904,0.3864490779886128,0.0,1.0,1.0,1.0,8.0,1.0,0.0,2.0,3.0,4.0,26033.0,2746.0,770.0,105.0,20.0,16.0,0.0
Userupdate__residenceyears,Categorical,29690,0.9472886493768946,0.36744599999367966,0.0,1.0,1.0,1.0,8.0,1.0,0.0,2.0,3.0,4.0,26362.0,2536.0,676.0,82.0,19.0,15.0,0.0
Userupdate__schoolname,Categorical,29690,0.0006062647356012126,0.03481670206849448,0.0,0.0,0.0,0.0,4.0,0.0,1.0,2.0,4.0,,29678.0,8.0,3.0,1.0,,0.0,0.0
Userupdate__secondemail,Categorical,29690,3.368137420006736e-05,0.005803565645366759,0.0,0.0,0.0,0.0,1.0,0.0,1.0,,,,29689.0,1.0,,,,0.0,0.0
Userupdate__secondmobile,Categorical,29690,3.368137420006736e-05,0.005803565645366759,0.0,0.0,0.0,0.0,1.0,0.0,1.0,,,,29689.0,1.0,,,,0.0,0.0
Userupdate__turnover,Numerical,29690,0.043617379589087235,0.3793534501807496,0.0,0.0,0.0,0.0,21.0,0.0,1.0,2.0,3.0,4.0,28984.0,421.0,156.0,71.0,24.0,34.0,0.0
Userupdate__userid,Categorical,29690,0.0005389019872010778,0.032826054475211704,0.0,0.0,0.0,0.0,2.0,0.0,2.0,,,,29682.0,8.0,,,,0.0,0.0
Userupdate__webshoptypeid,Categorical,29690,0.00023576961940047154,0.015353239772991113,0.0,0.0,0.0,0.0,1.0,0.0,1.0,,,,29683.0,7.0,,,,0.0,0.0
Userupdate__webshopurl,Categorical,29690,0.0011788480970023577,0.040608535991165276,0.0,0.0,0.0,0.0,3.0,0.0,1.0,2.0,3.0,,29661.0,24.0,4.0,1.0,,0.0,0.0
Userupdate__workyears,Categorical,29690,0.016908049848433818,0.1360475948364074,0.0,0.0,0.0,0.0,3.0,0.0,1.0,2.0,3.0,,29213.0,455.0,19.0,3.0,,0.0,0.0
